brand,market,url
Zara,Gốc / Quốc tế,https://www.zara.com
Zara,Việt Nam,https://www.zara.com/vn/
Zara,Mỹ,https://www.zara.com/us/
Zara,Anh,https://www.zara.com/uk/
Zara,Nhật Bản,https://www.zara.com/jp/
Zara,Pháp,https://www.zara.com/fr/
Zara,Đức,https://www.zara.com/de/
Nike,Gốc / Quốc tế,https://www.nike.com
Nike,Việt Nam,https://www.nike.com/vn/
Nike,Mỹ,https://www.nike.com/us/
Nike,Anh,https://www.nike.com/uk/
Nike,Nhật Bản,https://www.nike.com/jp/
Nike,Pháp,https://www.nike.com/fr/
Nike,Đức,https://www.nike.com/de/
Adidas,Gốc / Quốc tế,https://www.adidas.com
Adidas,Việt Nam,https://www.adidas.com/vn/
Adidas,Mỹ,https://www.adidas.com/us/
Adidas,Anh,https://www.adidas.co.uk/
Adidas,Nhật Bản,https://www.adidas.com/jp/
Adidas,Pháp,https://www.adidas.com/fr/
Adidas,Đức,https://www.adidas.com/de/
Mango,Gốc / Quốc tế,https://www.mango.com
Mango,Việt Nam,https://www.mango.com/vn/
Mango,Mỹ,https://www.mango.com/us/
Mango,Anh,https://www.mango.com/uk/
Mango,Nhật Bản,https://www.mango.com/jp/
Mango,Pháp,https://www.mango.com/fr/
Mango,Đức,https://www.mango.com/de/
UNIQLO,Gốc / Quốc tế,https://www.uniqlo.com
UNIQLO,Việt Nam,https://www.uniqlo.com/vn/
UNIQLO,Mỹ,https://www.uniqlo.com/us/
UNIQLO,Anh,https://www.uniqlo.com/uk/
UNIQLO,Nhật Bản,https://www.uniqlo.com/jp/
UNIQLO,Pháp,https://www.uniqlo.com/fr/
UNIQLO,Đức,https://www.uniqlo.com/de/
H&M,Gốc / Quốc tế,https://www.hm.com
H&M,Việt Nam,https://www.hm.com/vn/
H&M,Mỹ,https://www.hm.com/us/
H&M,Anh,https://www.hm.com/uk/
H&M,Nhật Bản,https://www.hm.com/jp/
H&M,Pháp,https://www.hm.com/fr/
H&M,Đức,https://www.hm.com/de/
New Balance,Gốc / Quốc tế,https://www.newbalance.com
New Balance,Mỹ,https://www.newbalance.com
New Balance,Anh,https://www.newbalance.co.uk
PUMA,Gốc / Quốc tế,https://www.puma.com
PUMA,Mỹ,https://www.puma.com
PUMA,Anh,https://www.puma.co.uk
Louis Vuitton,Gốc / Quốc tế,https://www.louisvuitton.com
Louis Vuitton,Việt Nam,https://www.louisvuitton.com/vn/
Louis Vuitton,Mỹ,https://www.louisvuitton.com/us/
Louis Vuitton,Anh,https://www.louisvuitton.com/uk/
Louis Vuitton,Nhật Bản,https://www.louisvuitton.com/jp/
Louis Vuitton,Pháp,https://www.louisvuitton.com/fr/
Louis Vuitton,Đức,https://www.louisvuitton.com/de/
Coach,Gốc / Quốc tế,https://www.coach.com
Coach,Mỹ,https://www.coach.com
Coach,Anh,https://www.coach.co.uk
ASOS,Gốc / Quốc tế,https://www.asos.com
ASOS,Mỹ,https://www.asos.com
ASOS,Anh,https://www.asos.co.uk
UGG,Gốc / Quốc tế,https://www.ugg.com
UGG,Mỹ,https://www.ugg.com
UGG,Anh,https://www.ugg.co.uk
Vans,Gốc / Quốc tế,https://www.vans.com
Vans,Mỹ,https://www.vans.com
Vans,Anh,https://www.vans.co.uk
Hermès,Gốc / Quốc tế,https://www.hermes.com
Hermès,Mỹ,https://www.hermes.com
Hermès,Anh,https://www.hermes.co.uk
Levi's,Gốc / Quốc tế,https://www.levi.com
Levi's,Mỹ,https://www.levi.com
Levi's,Anh,https://www.levi.co.uk
Tommy Hilfiger,Gốc / Quốc tế,https://www.tommy.com
Tommy Hilfiger,Mỹ,https://www.tommy.com
Tommy Hilfiger,Anh,https://www.tommy.co.uk
Ralph Lauren,Gốc / Quốc tế,https://www.ralphlauren.com
Ralph Lauren,Mỹ,https://www.ralphlauren.com
Ralph Lauren,Anh,https://www.ralphlauren.co.uk
Converse,Gốc / Quốc tế,https://www.converse.com
Converse,Mỹ,https://www.converse.com
Converse,Anh,https://www.converse.co.uk
Urban Outfitters,Gốc / Quốc tế,https://www.urbanoutfitters.com
Urban Outfitters,Mỹ,https://www.urbanoutfitters.com
Urban Outfitters,Anh,https://www.urbanoutfitters.co.uk
Burberry,Gốc / Quốc tế,https://www.burberry.com
Burberry,Việt Nam,https://www.burberry.com/vn/
Burberry,Mỹ,https://www.burberry.com/us/
Burberry,Anh,https://www.burberry.com/uk/
Burberry,Nhật Bản,https://www.burberry.com/jp/
Burberry,Pháp,https://www.burberry.com/fr/
Burberry,Đức,https://www.burberry.com/de/
Dior,Gốc / Quốc tế,https://www.dior.com
Dior,Việt Nam,https://www.dior.com/vn/
Dior,Mỹ,https://www.dior.com/us/
Dior,Anh,https://www.dior.com/uk/
Dior,Nhật Bản,https://www.dior.com/jp/
Dior,Pháp,https://www.dior.com/fr/
Dior,Đức,https://www.dior.com/de/
Calvin Klein,Gốc / Quốc tế,https://www.calvinklein.com
Calvin Klein,Mỹ,https://www.calvinklein.com
Calvin Klein,Anh,https://www.calvinklein.co.uk
Chanel,Gốc / Quốc tế,https://www.chanel.com
Chanel,Việt Nam,https://www.chanel.com/vn/
Chanel,Mỹ,https://www.chanel.com/us/
Chanel,Anh,https://www.chanel.com/uk/
Chanel,Nhật Bản,https://www.chanel.com/jp/
Chanel,Pháp,https://www.chanel.com/fr/
Chanel,Đức,https://www.chanel.com/de/
Gucci,Gốc / Quốc tế,https://www.gucci.com
Gucci,Việt Nam,https://www.gucci.com/vn/
Gucci,Mỹ,https://www.gucci.com/us/
Gucci,Anh,https://www.gucci.com/uk/
Gucci,Nhật Bản,https://www.gucci.com/jp/
Gucci,Pháp,https://www.gucci.com/fr/
Gucci,Đức,https://www.gucci.com/de/
Timberland,Gốc / Quốc tế,https://www.timberland.com
Timberland,Mỹ,https://www.timberland.com
Timberland,Anh,https://www.timberland.co.uk
Michael Kors,Gốc / Quốc tế,https://www.michaelkors.com
Michael Kors,Mỹ,https://www.michaelkors.com
Michael Kors,Anh,https://www.michaelkors.co.uk
Prada,Gốc / Quốc tế,https://www.prada.com
Prada,Việt Nam,https://www.prada.com/vn/
Prada,Mỹ,https://www.prada.com/us/
Prada,Anh,https://www.prada.com/uk/
Prada,Nhật Bản,https://www.prada.com/jp/
Prada,Pháp,https://www.prada.com/fr/
Prada,Đức,https://www.prada.com/de/
Valentino,Gốc / Quốc tế,https://www.valentino.com
Valentino,Mỹ,https://www.valentino.com
Valentino,Anh,https://www.valentino.co.uk
Balenciaga,Gốc / Quốc tế,https://www.balenciaga.com
Balenciaga,Việt Nam,https://www.balenciaga.com/vn/
Balenciaga,Mỹ,https://www.balenciaga.com/us/
Balenciaga,Anh,https://www.balenciaga.com/uk/
Balenciaga,Nhật Bản,https://www.balenciaga.com/jp/
Balenciaga,Pháp,https://www.balenciaga.com/fr/
Balenciaga,Đức,https://www.balenciaga.com/de/
Steve Madden,Gốc / Quốc tế,https://www.stevemadden.com
Steve Madden,Mỹ,https://www.stevemadden.com
Steve Madden,Anh,https://www.stevemadden.co.uk
